image_id,score2,score3,score4,score5,score6,score7,score8,score9,score10,score11,tag1,tag2,tag3
770316,3,11,30,93,174,94,35,12,6,0,50,0,1005
942229,5,10,19,51,69,26,3,3,1,0,17,50,1362
875212,1,6,9,22,60,49,32,13,7,2,3,13,1203
911128,3,7,16,34,58,52,20,8,5,3,0,0,1274
467051,0,0,6,20,63,67,15,1,0,1,18,31,632
571066,2,7,10,64,95,27,7,2,1,0,0,0,725
802624,0,0,8,25,52,29,2,2,1,0,23,38,1045
264828,4,16,27,63,61,20,10,3,1,1,11,18,416
3628,13,39,35,49,57,25,21,14,3,7,0,0,25
324614,1,1,4,13,47,77,60,26,16,7,2,20,483
587273,4,4,14,45,53,36,11,2,0,0,18,21,744
476715,2,3,11,36,53,38,30,6,5,1,19,22,641
650814,0,0,2,15,82,56,35,8,5,4,0,0,821
432961,0,1,5,12,59,56,23,8,0,2,17,47,581
15693,3,5,41,57,56,17,14,2,0,0,0,0,80
190665,5,13,25,52,68,42,18,5,1,1,0,0,350
753207,1,1,5,19,41,53,24,10,5,2,14,53,972
129566,23,17,39,72,34,21,4,1,0,0,14,17,291
20442,0,0,4,11,20,41,26,15,5,4,23,35,94
571826,0,2,5,35,74,53,30,8,5,1,14,27,725
282003,1,7,13,56,138,119,67,26,11,7,16,17,430
810512,0,1,2,7,34,49,38,16,5,0,18,38,1060
642969,3,6,25,45,65,38,20,6,5,2,0,0,811
374710,2,2,10,46,70,45,15,10,5,0,14,15,535
879653,0,3,2,9,38,46,21,6,3,0,5,58,1208
293876,3,12,30,54,107,87,32,14,8,1,42,0,449
879275,6,8,10,22,31,24,12,8,4,4,1,21,1208
896683,0,1,2,18,52,35,5,6,0,0,11,27,1237
696979,1,4,16,39,63,23,9,8,1,0,15,0,888
747895,5,12,26,65,70,19,7,0,0,0,0,0,965
20591,0,6,20,38,59,54,32,21,8,2,18,0,95
193047,1,4,22,67,89,40,9,5,0,2,14,0,352
785342,0,0,9,26,39,52,35,22,9,8,14,0,1027
334241,0,1,5,13,44,62,41,36,17,5,25,0,493
746154,3,11,10,31,70,55,19,9,8,0,29,31,961
567873,1,1,15,33,74,39,15,10,5,1,5,19,722
45642,0,2,9,32,55,60,44,28,3,5,0,0,155
164860,0,1,6,20,59,77,46,18,7,6,0,0,322
633932,0,1,8,36,104,62,18,1,1,0,19,32,804
705107,1,2,8,9,41,62,28,11,3,1,17,0,886
627049,1,2,3,7,45,57,42,16,3,5,19,0,783
773831,0,1,0,3,28,48,27,21,12,6,10,0,1006
623749,0,2,9,26,62,54,27,8,4,1,18,40,787
801267,0,2,4,10,32,58,35,20,11,6,0,0,1054
181347,1,6,13,21,74,66,44,45,15,5,25,36,343
949413,0,1,5,8,50,44,13,5,1,0,0,0,1382
850940,0,0,3,13,48,59,34,7,6,0,16,21,1150
248057,2,14,14,37,68,62,28,18,3,3,3,21,396
871276,2,10,15,53,85,35,12,3,0,0,57,0,1199
204541,0,1,2,27,45,62,53,40,20,16,15,18,360
140523,0,2,6,20,32,70,46,34,13,7,29,0,303
736416,3,17,33,54,65,16,1,0,1,0,16,50,943
555255,0,1,6,25,64,24,3,0,1,0,17,27,711
941892,3,5,10,35,89,47,24,11,3,1,15,57,1361
712320,1,1,9,47,47,65,18,8,6,0,0,0,906
39302,6,12,52,49,66,30,12,2,2,0,5,16,141
130622,23,40,57,77,44,15,7,5,1,0,5,0,292
863981,2,0,1,21,62,40,15,3,0,0,23,27,1180
153442,0,2,23,42,104,45,23,6,5,0,14,21,315
231286,2,1,12,38,71,63,45,25,7,7,14,35,377
807935,4,4,11,36,47,30,13,3,1,0,17,47,1066
690695,0,4,10,42,79,33,11,1,4,0,20,21,880
682053,0,1,9,30,102,89,40,19,9,2,17,21,866
234481,5,12,31,56,85,49,32,19,8,7,0,0,379
274732,2,7,17,50,120,137,64,18,3,4,12,20,430
811512,6,7,14,44,56,39,7,4,0,0,10,11,1074
169444,0,1,8,20,62,52,41,32,17,9,0,0,332
823422,0,3,6,30,49,29,10,3,1,0,14,23,1097
12056,3,4,9,13,29,29,9,4,0,4,14,15,65
202768,1,1,3,24,52,70,33,17,10,4,16,21,358
834547,21,33,39,66,45,9,3,0,0,0,0,0,1128
33221,2,4,21,33,53,52,27,13,10,4,18,22,126
938221,3,1,11,19,51,39,7,2,1,1,15,19,1349
839237,0,0,4,11,56,51,32,9,4,1,0,0,1137
732784,0,2,3,22,43,59,28,31,8,6,21,25,937
571862,0,6,21,65,69,37,4,4,1,1,14,0,725
926651,0,2,9,32,78,27,0,2,0,0,0,0,1317
386022,0,1,5,9,56,82,56,30,9,2,0,0,536
60924,0,7,16,31,86,65,28,18,10,5,18,22,190
633025,0,1,5,34,72,66,37,14,6,2,11,20,803
156782,0,2,2,21,50,56,47,24,10,8,1,31,319
200392,4,15,18,55,84,75,24,9,1,2,7,24,355
166964,2,3,2,12,36,46,38,42,28,27,17,29,331
298567,7,15,19,42,62,50,50,15,8,6,21,26,453
895051,0,0,4,21,43,40,18,7,0,0,0,0,1236
343842,0,1,2,12,36,67,25,15,7,2,22,40,504
289235,2,6,27,81,80,31,9,1,2,1,0,0,443
644326,0,2,8,26,57,51,22,11,4,2,20,28,814
627361,1,6,12,57,93,37,19,6,2,0,1,48,795
44962,15,21,34,40,43,29,23,11,3,5,14,15,155
135563,5,7,18,49,93,87,45,25,9,5,6,26,298
371864,0,2,11,34,66,54,22,5,4,0,36,0,530
562125,0,2,5,35,85,28,7,2,0,0,16,20,717
3081,11,34,55,47,61,31,15,15,4,3,0,0,23
50270,1,5,11,26,52,54,40,29,7,8,15,18,171
873432,3,1,8,9,21,49,65,30,12,5,0,0,1203
279531,5,6,15,39,90,82,52,19,8,6,18,40,434
458464,2,1,5,27,52,38,23,7,2,4,0,0,623
778216,1,3,25,57,78,28,8,1,0,2,15,19,1013
635628,1,1,14,25,85,76,23,9,0,0,1,51,804
545911,0,0,2,19,56,23,6,0,3,0,23,24,692
740690,24,29,31,49,50,23,9,2,2,1,12,32,953
758159,4,16,31,73,78,21,3,3,2,0,0,0,982
398327,1,3,5,31,91,72,20,6,3,2,0,0,558
41769,2,13,18,33,80,47,25,8,3,3,0,0,148
300670,2,7,11,25,47,52,51,25,13,10,0,0,455
421150,1,1,13,43,48,59,20,7,0,2,39,0,565
781332,1,2,3,22,57,70,25,17,13,4,0,0,1020
278434,12,16,60,108,134,75,19,12,2,3,5,33,430
61094,9,14,28,60,77,40,17,13,4,4,13,21,190
532390,1,2,2,23,66,39,5,5,1,1,16,0,693
420810,1,1,7,23,65,70,17,8,3,0,0,0,565
894714,1,1,5,10,34,38,35,6,3,0,3,17,1221
574547,2,9,15,41,70,29,6,4,2,2,12,30,730
380993,3,10,35,59,83,42,11,4,3,0,31,47,539
872541,1,1,10,50,60,21,6,0,1,0,0,0,1201
424343,0,1,6,13,56,56,35,28,6,3,14,0,580
223867,2,5,14,73,91,36,18,5,4,2,19,27,372
421135,4,13,33,77,85,29,12,1,1,1,17,24,577
811046,1,3,6,22,70,34,11,4,1,0,0,0,1060
846778,11,13,30,52,57,26,16,4,2,0,0,0,1153
46806,4,10,31,63,52,35,9,12,2,6,21,25,159
895432,0,2,2,5,18,38,39,29,17,9,17,21,1233
368262,0,3,8,26,62,52,25,10,1,0,1,22,527
805820,10,9,32,52,70,22,6,4,0,2,10,0,1065
867385,2,5,17,29,62,45,31,7,4,0,0,0,1197
230712,4,7,25,23,59,51,53,27,12,16,9,21,377
114297,1,2,8,34,58,91,56,36,21,12,17,25,270
115898,64,44,71,60,37,16,6,6,2,2,17,29,272
658991,2,8,19,45,92,46,14,2,5,0,45,50,833
23535,2,9,33,66,64,26,13,3,1,0,1,22,103
728458,1,2,2,20,38,62,40,19,9,4,11,21,928
8250,4,5,12,21,60,56,40,40,16,7,0,0,41
437120,2,1,20,75,108,42,9,5,3,1,0,0,600
169304,4,9,38,65,117,74,27,14,4,0,9,0,333
6297,2,20,36,65,76,54,25,9,0,4,0,0,34
593553,0,0,1,1,38,48,23,3,3,0,0,0,738
5803,3,17,27,44,70,61,40,30,14,10,0,0,33
783977,3,7,29,58,64,20,5,1,1,0,0,0,1024
483686,1,3,1,21,53,43,22,11,6,1,10,25,648
835220,3,6,10,19,41,59,39,17,15,5,17,29,1127
934932,0,0,5,10,42,59,54,13,6,1,0,0,1331
79131,1,2,9,21,57,72,41,32,15,9,0,0,219
594014,0,3,10,54,54,35,16,4,1,0,5,18,749
284802,0,11,33,80,107,69,16,6,1,0,15,19,439
8454,7,13,30,49,74,63,28,9,3,0,0,0,42
17676,0,5,10,35,61,72,37,12,7,1,20,28,87
227850,4,7,20,52,80,68,44,15,4,3,15,19,376
911139,4,1,8,19,70,60,27,6,6,2,14,27,1274
346034,0,2,14,30,62,47,12,9,4,3,18,29,507
334566,0,2,12,26,73,61,12,16,4,0,16,17,493
880147,3,8,6,41,58,27,9,2,1,0,14,27,1210
18981,20,22,36,55,53,23,15,13,2,0,15,0,89
12141,0,0,3,8,16,20,21,25,10,3,1,0,65
931037,1,7,6,28,71,53,8,4,0,1,16,61,1331
957979,3,1,6,16,50,70,31,11,6,3,31,40,1407
937827,1,5,11,34,63,36,12,2,1,1,0,0,1351
93468,2,2,3,23,41,59,40,31,10,9,0,0,238
218718,0,5,16,50,116,93,42,24,6,6,12,21,369
289028,0,0,2,18,73,63,23,8,2,1,15,35,431
539818,3,2,12,46,69,38,8,1,1,0,0,0,697
476396,1,1,4,19,48,66,46,26,20,10,1,22,640
841651,2,9,23,43,76,32,12,0,2,0,0,0,1146
634128,0,1,3,4,32,72,61,44,15,7,15,19,804
578146,0,0,1,5,32,54,36,19,2,2,14,0,721
862210,0,0,6,11,46,54,18,3,0,0,31,40,1184
945010,4,6,7,33,61,38,9,0,1,0,0,0,1367
886959,0,1,1,10,52,51,26,7,0,1,0,0,1217
613080,1,1,7,30,66,46,17,0,2,2,18,40,772
353297,0,1,7,6,32,52,39,29,9,8,0,0,513
11187,0,0,0,7,11,19,21,14,17,6,18,21,59
664792,1,3,7,25,55,37,19,12,2,0,0,0,840
203810,29,32,61,93,49,15,2,0,0,0,0,0,360
725206,10,6,12,31,55,50,36,17,4,4,17,29,926
290853,1,1,3,23,45,55,22,9,6,0,1,28,444
785088,0,0,4,6,37,63,36,20,6,2,19,0,1026
405497,1,2,4,27,57,37,30,6,7,0,10,21,564
534428,0,1,6,11,48,44,19,9,2,1,12,14,695
727012,0,0,2,1,12,44,46,30,13,8,17,21,915
323158,1,3,13,29,88,70,42,21,6,5,12,17,481
185645,0,4,14,45,89,67,43,24,11,5,14,15,347
459557,0,2,5,20,69,65,34,18,7,4,6,9,627
454321,3,10,12,46,73,30,12,5,0,0,0,0,619
891592,0,2,8,7,45,53,45,14,7,5,28,39,1225
45330,1,5,19,56,60,27,16,8,1,0,18,22,155
656668,9,14,39,67,56,25,12,3,4,0,1,12,829
282740,30,45,62,45,32,6,3,1,0,3,0,0,437
475780,1,7,7,25,56,39,36,9,3,1,21,47,641
281176,0,2,13,41,150,134,59,22,5,5,14,28,430
619418,2,3,5,30,63,45,25,12,1,0,17,29,781
282466,1,3,12,31,67,64,32,16,8,4,0,0,437
147542,12,18,35,67,60,21,7,1,1,1,0,0,310
112513,58,47,58,47,29,15,7,3,1,0,0,0,266
712277,2,6,19,45,51,39,16,9,3,2,22,0,907
14848,3,11,14,22,50,39,29,23,4,2,17,21,77
432203,3,3,1,15,41,52,31,18,14,5,16,17,592
777929,0,5,11,13,62,28,3,0,1,0,18,38,1003
885285,1,5,12,41,39,19,4,0,1,0,19,51,1214
836809,4,15,30,70,56,19,7,1,1,0,18,0,1130
911373,2,2,1,5,33,52,39,15,4,5,17,0,1273
798138,0,4,10,22,70,51,40,10,3,0,1,20,1048
820642,0,0,1,4,30,48,30,19,10,2,19,57,1089
246260,1,12,20,56,77,54,31,15,2,1,1,14,392
691244,4,3,1,15,38,53,31,28,14,9,14,15,880
514829,0,0,3,17,52,80,33,20,4,3,9,16,684
177172,0,1,6,18,64,66,53,21,9,2,15,0,340
704212,1,4,16,45,93,34,15,6,3,1,0,0,896
935364,1,7,10,30,58,11,4,1,0,0,20,23,1342
916944,0,3,10,40,56,25,7,6,1,0,19,57,1290
86199,6,19,48,81,54,23,5,3,3,1,0,0,230
634329,0,1,2,7,59,96,50,15,6,1,18,29,804
638996,2,1,13,61,66,38,16,2,4,1,0,0,807
287515,0,0,3,7,31,49,50,33,17,15,20,21,441
824781,0,0,2,17,45,50,20,5,0,0,14,0,1089
891978,3,4,14,35,48,16,4,0,0,0,4,56,1221
443555,1,1,2,15,41,73,52,19,10,9,2,16,607
537559,0,3,10,42,48,25,4,0,0,0,5,0,696
911396,0,1,4,6,31,57,22,19,10,5,0,0,1273
679821,6,3,16,40,62,32,8,3,1,0,15,38,863
362533,0,4,8,26,53,70,30,16,8,3,14,0,523
29674,0,2,3,14,38,42,22,8,1,4,18,38,118
263726,1,6,18,41,87,57,24,20,6,1,41,0,413
751783,0,0,5,6,36,57,36,13,6,5,15,57,960
423312,2,2,13,26,57,75,40,23,15,3,0,0,579
8558,99,48,51,49,18,2,8,0,1,2,0,0,42
640569,0,1,4,12,28,57,23,7,4,3,12,0,797
286409,0,4,6,18,45,50,31,19,2,5,1,14,431
16970,9,9,14,23,19,13,6,5,1,0,0,0,85
782575,2,13,22,64,64,28,10,1,2,1,22,30,1023
308869,5,13,20,66,55,37,9,3,1,1,5,30,465
536644,1,0,3,19,51,56,27,12,4,0,1,22,698
317398,0,0,2,16,42,46,23,6,1,1,18,21,475
879593,1,0,2,11,30,50,39,19,6,6,14,15,1210
400803,3,10,25,49,99,82,48,21,2,1,12,21,561
99238,6,12,45,78,94,29,17,3,3,0,35,0,249
711526,1,0,2,5,40,55,29,14,6,0,8,41,905
135567,0,0,7,23,60,107,68,46,17,8,33,39,298
164237,0,1,10,28,70,73,42,11,7,4,23,35,322
814831,1,3,4,16,53,59,30,13,1,3,15,38,1080
544815,0,0,1,4,31,46,27,7,4,4,17,44,692
687138,1,6,14,27,56,38,19,10,2,2,0,0,874
47315,0,5,16,33,42,23,5,4,0,1,8,21,157
732774,1,2,9,27,69,63,21,7,3,3,0,0,936
743807,0,3,7,39,49,39,6,8,2,0,8,9,956
581137,5,1,9,47,52,29,11,5,1,0,18,0,736
809520,1,4,9,38,54,28,5,4,0,1,6,59,1069
318578,1,0,1,6,15,39,59,42,19,18,9,24,477
26612,3,15,29,44,79,41,17,8,1,3,2,10,112
581631,0,1,6,27,58,48,11,8,2,1,38,51,736
644600,1,1,11,42,73,35,10,3,1,1,14,15,814
74159,20,20,46,83,63,28,19,16,5,3,26,0,213
66835,0,1,4,19,44,49,40,17,10,6,15,19,195
869899,0,0,1,12,38,57,50,40,16,7,28,35,1199
947090,1,0,4,13,31,73,64,29,12,7,20,0,1376
501875,1,1,3,12,36,55,32,13,5,6,21,50,672
555011,3,0,2,12,39,39,16,6,4,5,1,0,711
411646,10,11,25,47,56,52,12,5,1,3,0,0,570
932783,0,4,12,39,72,51,11,4,0,0,7,35,1331
321898,0,1,1,10,44,83,74,29,13,5,17,0,480
166125,1,2,10,20,96,66,27,10,1,2,2,35,322
611027,0,1,6,18,42,54,41,19,5,3,15,18,772
527106,0,1,3,24,46,58,30,11,2,3,17,19,691
567731,0,0,5,28,63,63,27,10,2,1,0,0,722
97844,0,2,4,15,49,58,27,18,2,1,15,22,247
726426,0,0,1,6,36,47,33,23,5,2,0,0,915
349485,3,3,17,36,57,83,39,21,14,7,17,19,512
678249,0,2,5,4,26,56,43,22,17,16,14,28,861
848647,0,2,9,23,77,83,43,9,6,1,14,38,1154
96356,0,0,5,34,63,98,54,27,16,9,0,0,244
735439,0,2,3,10,58,48,10,3,2,0,10,20,931
921564,0,2,1,21,51,31,11,0,1,0,14,15,1293
335424,0,2,15,38,113,73,38,21,5,6,0,0,494
598326,24,8,23,52,20,10,1,1,0,1,0,0,754
387972,3,7,20,49,81,51,28,13,5,2,10,12,547
7132,7,17,39,60,81,46,26,15,2,3,0,0,37
455476,1,4,18,107,89,15,2,3,1,0,15,19,620
606760,3,6,10,38,32,10,3,5,1,0,15,19,764
594179,1,4,13,66,67,21,9,3,3,0,19,27,749
814363,1,4,5,29,51,30,6,6,0,0,34,0,1079
778034,11,1,1,9,45,54,43,35,11,11,15,19,1013
329989,2,3,19,39,71,45,11,10,4,0,12,0,490
497965,0,0,9,25,80,82,40,19,1,1,14,33,668
383495,10,11,27,69,83,29,8,0,2,0,0,0,542
517003,0,6,34,92,72,18,3,2,0,0,22,38,683
922591,0,1,3,13,42,37,9,3,4,1,15,0,1304
571956,1,3,4,12,35,42,42,28,37,22,2,7,726
200291,3,3,11,38,96,47,29,8,2,2,4,40,356
686726,1,2,4,23,66,61,16,3,1,0,0,0,872
698869,0,0,4,14,56,38,25,11,4,1,15,22,889
441790,0,5,6,37,79,55,22,8,2,1,17,48,606
339887,0,1,4,15,49,66,33,19,7,1,10,20,500
7139,3,12,22,47,62,46,60,43,15,4,0,0,37
725253,1,3,3,8,30,65,44,35,12,17,29,47,927
451086,0,0,1,7,68,131,86,40,8,9,15,0,616
391315,2,2,8,19,41,53,55,20,13,5,24,50,550
750606,23,22,37,63,46,25,9,5,2,1,5,40,970
584899,3,6,18,65,58,25,2,3,0,0,0,0,740
99914,1,4,5,38,71,65,50,38,11,3,7,14,249
311515,0,1,5,17,52,45,43,21,22,17,4,16,470
663769,1,4,4,16,60,55,32,15,4,5,1,18,839
749381,19,21,48,69,52,32,6,7,0,4,5,8,967
590224,1,3,1,10,27,55,48,36,29,16,15,28,746
119003,3,11,26,68,93,66,37,8,4,3,0,0,274
912233,1,2,5,17,60,36,9,1,0,0,24,0,1263
330259,2,1,6,17,48,51,50,15,4,5,5,19,490
426557,0,3,5,10,46,62,29,9,4,3,17,21,583
778651,5,7,15,56,55,17,2,1,0,0,2,14,1014
197938,1,1,7,27,90,66,34,12,4,1,0,0,354
176435,50,42,70,74,41,11,3,0,0,0,19,27,338
503282,0,0,0,1,10,45,46,37,21,18,14,20,664
899031,0,0,3,11,29,50,27,12,2,1,38,0,1243
858135,3,4,13,16,53,76,54,23,10,8,18,0,1175
118021,4,7,31,71,80,54,25,22,5,5,15,38,272
7927,5,14,32,78,79,39,9,10,2,2,0,0,41
904832,0,1,2,5,30,45,15,5,5,0,0,0,1256
595542,0,1,2,37,62,26,8,0,1,0,0,0,752
270664,1,5,9,19,70,58,38,20,11,3,5,22,421
229683,0,3,12,50,119,75,21,9,3,1,0,0,376
23054,2,5,15,50,37,13,3,1,0,0,18,29,102
7794,0,8,5,22,57,66,69,40,11,8,18,0,40
405976,0,3,7,28,63,72,62,34,16,12,31,40,563
812717,0,0,3,13,55,42,19,6,1,1,15,28,1076
934413,1,9,9,27,55,49,20,10,3,1,59,0,1341
453298,0,2,8,37,81,82,38,11,9,1,21,0,617
808193,0,1,7,18,54,53,14,5,1,0,17,0,1066
565356,1,2,13,44,77,33,15,4,2,0,5,50,722
728189,0,2,4,38,71,53,19,4,2,1,17,0,928
326409,0,3,10,24,68,79,55,17,8,3,16,39,484
195644,1,11,15,56,74,78,27,6,1,2,0,0,353
296952,0,5,17,43,89,75,34,14,4,5,15,21,453
650659,3,7,11,64,89,18,6,4,1,1,4,19,821
543819,0,6,6,29,39,36,17,4,1,0,10,0,701
534225,0,1,4,20,45,40,19,10,5,0,18,40,694
892404,1,4,1,11,21,50,31,19,8,3,18,40,1229
497757,1,6,23,60,75,27,10,3,1,1,0,0,667
300681,1,6,19,45,65,57,25,15,1,3,0,0,455
876846,5,11,35,43,38,19,9,0,0,1,5,6,1204
910695,2,0,4,17,65,78,47,25,16,5,18,21,1271
525895,0,1,0,16,51,47,17,7,2,3,19,0,689
83508,0,1,11,15,49,41,46,23,7,9,9,19,220
117172,1,3,33,56,52,16,8,1,1,0,12,31,271
798127,1,4,2,15,51,75,40,19,19,1,14,54,1047
755943,5,9,17,41,61,64,16,9,6,0,0,0,979
699021,0,0,3,9,45,51,51,17,13,8,40,0,891
777558,1,0,5,11,54,43,9,6,1,0,22,38,1003
923025,3,5,17,53,61,30,7,5,0,3,0,0,1306
141755,4,13,28,72,63,21,6,4,0,1,14,15,303
188365,0,3,1,13,87,86,49,13,10,5,5,15,348
55815,1,2,2,7,35,47,57,32,17,12,0,0,178
335391,8,18,41,100,101,30,16,1,1,3,1,34,494
902348,0,0,0,5,54,62,16,8,1,0,15,19,1249
434639,0,2,5,20,53,72,41,20,13,3,7,9,594
155797,1,12,30,52,77,63,42,30,6,7,12,17,318
56073,14,28,47,57,26,38,14,7,6,4,10,0,179
855942,4,5,9,16,45,62,37,20,9,6,15,22,1173
867045,7,8,20,63,62,22,9,4,1,1,18,38,1197
172805,1,1,6,45,99,63,12,5,3,3,4,12,334
661718,0,1,3,3,28,55,32,15,9,5,16,42,827
404373,1,6,10,43,61,28,4,5,0,3,14,20,562
839975,1,0,1,4,30,41,40,14,7,4,27,48,1140
4212,14,24,38,75,55,33,8,5,2,1,0,0,27
136985,2,0,2,12,56,51,36,16,6,5,2,20,299
956419,1,1,1,7,22,52,22,9,5,5,19,57,1403
6457,3,2,6,16,40,56,63,46,29,24,0,0,35
605561,0,1,5,17,42,55,46,19,7,3,18,31,763
631014,2,5,10,33,80,76,32,9,4,1,1,22,802
570652,3,3,10,34,50,33,17,11,2,2,38,0,727
147296,1,4,11,50,85,87,40,25,15,10,0,0,309
928236,5,9,6,31,44,53,19,1,1,3,18,40,1322
455221,2,1,3,13,44,51,27,5,3,1,7,14,615
85149,0,7,8,28,68,68,57,27,14,5,9,24,229
139185,0,4,21,58,89,54,35,17,2,9,4,21,302
151762,4,4,29,61,109,70,32,15,5,0,1,18,313
25000,1,1,4,14,30,34,24,12,6,0,6,17,106
11202,0,1,3,5,12,29,23,11,12,4,29,31,59
674258,0,2,10,25,71,42,9,1,0,1,17,0,854
719651,8,9,14,25,55,34,23,5,4,3,1,51,916
563158,0,0,1,3,16,38,38,33,11,8,9,24,718
72678,4,14,28,51,71,65,26,11,2,2,29,31,211
282077,7,11,30,82,80,42,11,5,0,0,10,0,436
395148,1,1,8,35,46,33,19,7,3,1,15,21,554
294582,0,1,2,13,70,66,41,13,4,1,14,0,448
880011,2,1,9,15,35,56,30,15,4,1,39,44,1210
385076,1,4,2,25,60,72,44,24,6,3,0,0,547
867995,0,1,0,7,32,70,60,26,9,6,0,0,1198
141760,0,5,4,11,37,44,55,36,7,22,1,0,303
178069,2,11,29,59,75,44,9,3,1,0,15,22,340
14814,1,0,8,10,33,61,38,28,9,8,6,18,77
132368,2,8,15,33,59,41,26,15,5,2,15,19,293
659619,1,4,9,39,80,53,24,6,2,3,21,0,833
898928,8,21,26,57,54,18,6,1,0,0,40,48,1244
11999,1,1,2,5,17,25,14,15,12,9,28,29,62
193042,11,32,58,96,67,19,5,1,0,1,0,0,351
647493,1,0,5,21,68,53,24,7,3,3,0,0,817
192952,10,25,61,99,48,21,4,0,0,1,0,0,351
257992,21,38,73,84,39,10,8,5,1,1,0,0,406
55364,2,0,6,7,44,59,54,24,12,6,18,23,178
278763,0,0,1,1,20,46,45,41,18,19,14,23,431
612849,3,12,23,70,52,10,3,2,0,0,13,36,772
592780,0,0,12,46,61,35,9,7,1,1,7,20,749
774708,0,1,5,24,58,51,27,10,5,3,0,0,1009
633743,1,3,5,24,89,86,33,12,1,2,22,47,802
578087,1,3,5,31,98,99,30,9,3,3,16,24,733
627757,1,1,4,14,34,64,35,17,9,3,14,27,783
118895,1,8,18,44,60,44,18,4,3,1,32,40,273
831839,1,0,13,13,49,40,15,10,1,0,1,28,1112
921050,4,6,12,37,50,20,2,1,1,0,0,0,1300
427391,6,15,30,71,56,28,6,6,2,1,0,0,584
958107,0,3,4,18,37,40,11,3,3,3,0,0,1408
482522,0,0,3,13,44,42,28,11,2,0,14,27,646
12935,18,29,43,54,33,6,5,5,0,0,12,14,70
338789,1,8,8,31,81,82,32,11,5,6,7,0,501
358726,1,2,17,47,69,47,23,17,5,2,0,0,521
73971,3,4,15,41,47,32,16,7,3,0,1,21,212
684139,2,3,10,28,53,42,10,5,4,2,16,21,858
495618,3,9,17,49,62,56,29,18,10,19,1,23,662
217963,6,16,25,84,102,43,13,5,1,1,31,0,368
810908,16,15,30,56,43,12,4,3,0,0,53,61,1074
711983,2,8,20,49,64,6,1,0,0,0,15,57,901
203092,4,2,17,44,72,87,66,24,8,7,9,24,357
918997,5,6,20,23,62,27,10,8,1,1,1,14,1296
717536,1,5,8,33,45,51,24,17,2,1,10,21,913
43400,5,14,26,50,66,30,11,11,6,6,0,0,150
719145,1,5,2,13,52,74,61,64,37,24,5,20,917
468670,16,14,34,73,50,25,6,2,0,1,8,25,633
2464,0,3,18,29,37,38,32,35,23,14,0,0,20
552925,0,3,9,21,57,52,24,11,5,3,15,19,708
504591,1,2,0,12,43,50,31,14,2,1,15,19,675
811432,2,3,5,15,23,37,35,8,3,3,1,22,1072
756614,0,4,7,14,77,86,26,6,5,0,0,0,980
1976,1,7,23,44,46,55,32,15,10,2,0,0,18
951890,0,2,5,24,74,39,13,5,5,1,0,0,1391
519850,0,1,0,1,13,28,56,37,18,16,14,35,686
62589,2,3,14,42,54,34,19,9,2,4,1,0,193
2527,3,7,22,50,65,31,21,14,5,4,29,0,20
735684,3,4,11,11,42,30,11,9,5,1,12,21,941
564172,0,0,3,10,32,52,29,6,2,0,20,21,707
200648,13,22,43,80,72,41,16,5,1,3,1,0,355
516241,1,3,5,41,93,64,11,4,0,0,17,21,683
731116,2,0,2,6,22,36,44,33,17,16,46,0,934
789930,1,3,4,15,58,31,9,3,1,0,1,21,1035
15417,6,17,32,51,53,17,13,2,1,0,0,0,80
79307,4,18,30,79,73,40,15,6,2,2,1,6,219
263048,1,0,4,12,46,90,66,35,30,8,12,15,401
633783,0,0,2,10,49,86,54,22,7,1,28,35,804
922575,0,0,2,1,13,34,35,17,5,5,22,38,1304
845071,1,8,19,51,80,82,25,7,5,2,43,52,1148
158731,5,17,31,63,75,48,16,10,4,0,12,17,320
638457,0,1,1,24,86,61,16,7,2,0,15,28,807
199395,1,2,6,35,95,58,35,17,4,1,1,22,354
894831,0,1,1,7,27,42,24,13,5,2,15,0,1221
538045,2,1,12,34,45,29,8,2,0,0,0,0,696
197257,4,12,29,57,66,61,34,7,3,3,15,27,353
794910,0,0,3,13,35,40,18,6,1,0,38,41,1042
51141,2,4,19,20,55,48,30,11,4,5,21,25,172
503597,0,2,10,47,64,35,8,3,0,1,15,38,664
578904,0,1,3,7,32,64,35,8,7,2,19,0,736
488298,1,3,9,44,88,56,15,6,1,0,9,24,655
502323,2,0,5,10,50,54,33,8,1,2,19,0,672
832383,1,2,1,8,10,44,30,36,13,7,35,53,1120
504384,0,2,0,13,49,54,38,10,4,2,16,21,664
682217,1,0,11,38,86,103,42,18,3,3,0,0,866
159374,10,14,52,79,73,35,18,5,2,3,13,16,323
899343,0,0,2,10,33,49,24,5,6,1,12,21,1243
912209,1,1,3,19,60,43,6,0,0,0,0,0,1263
651937,1,1,7,26,56,60,34,21,6,1,21,44,823
920658,0,1,3,14,36,41,18,4,4,0,7,25,1293
199292,0,0,7,11,44,71,52,32,20,15,1,22,354
151843,27,42,64,93,76,32,2,3,2,0,4,17,313
115829,1,4,27,63,98,63,32,9,4,2,12,30,270
273090,2,15,17,59,130,96,61,30,7,8,8,40,425
490147,1,0,2,6,28,64,34,17,6,4,18,38,645
86954,1,6,8,27,74,53,18,12,1,2,38,0,220
290277,1,2,5,7,30,58,45,33,25,25,12,17,445
356721,0,0,2,6,39,60,41,23,7,5,38,0,516
649325,5,5,17,53,63,40,11,5,0,0,21,22,823
398297,0,2,7,25,61,66,25,1,0,0,0,0,551
472421,1,8,9,53,67,20,5,1,0,1,15,19,631
939384,2,6,13,34,53,23,5,1,0,1,38,53,1352
134619,5,13,51,80,58,11,3,1,1,0,15,28,297
98269,4,8,20,43,81,52,47,21,8,3,15,19,246
146263,3,8,30,66,112,61,37,11,2,4,18,21,309
599252,0,0,1,18,56,37,8,10,3,0,3,12,755
9408,0,2,7,21,35,41,49,48,18,19,14,15,45
275085,3,3,21,54,142,125,39,20,5,2,1,20,430
899827,2,3,9,26,64,36,11,4,0,0,2,41,1245
925028,3,1,5,18,48,49,23,11,4,2,14,21,1312
662540,0,0,3,10,40,48,22,7,4,3,7,35,827
613044,0,1,4,15,58,74,35,27,14,9,19,0,771
30764,0,0,4,11,26,35,27,20,9,5,1,22,120
40460,0,4,15,26,26,59,45,42,16,6,2,10,145
4943,2,7,27,40,65,48,32,20,8,4,0,0,30
593752,1,1,5,28,42,24,5,0,0,2,28,0,748
675849,0,0,4,28,31,55,34,22,5,5,2,5,856
880508,3,7,23,58,39,8,5,1,1,1,12,57,1210
83916,1,2,37,63,59,27,8,0,0,1,18,34,228
921338,9,14,16,26,37,22,9,0,1,0,12,51,1300
390483,4,14,28,67,55,9,3,1,0,0,15,48,548
71500,11,25,34,64,62,35,14,8,3,4,5,20,211
121590,0,1,6,26,78,41,17,8,1,0,21,41,279
395149,4,3,12,40,105,76,31,9,5,1,0,0,555
31934,1,0,5,13,21,37,36,15,9,4,21,29,125
619254,10,14,28,86,109,47,11,0,4,1,0,0,780
10339,14,17,44,56,41,11,4,0,0,0,6,8,52
164880,4,12,19,69,95,59,25,10,2,0,0,0,328
292434,32,52,73,86,60,17,4,0,2,3,2,0,447
263937,42,37,59,47,17,8,3,1,0,2,14,15,416
714491,1,2,6,19,60,45,16,4,2,0,1,18,910
308046,1,3,6,26,50,36,38,23,7,7,1,22,467
909287,0,3,3,9,41,50,4,4,0,1,7,14,1266
772482,2,9,24,90,203,122,57,14,3,1,17,21,1005
769972,6,8,15,30,66,49,27,9,5,7,26,29,1001
906112,1,0,10,22,58,30,11,1,0,0,18,22,1259
522364,1,1,6,23,79,34,13,6,2,1,15,22,686
793966,1,7,10,23,72,53,21,5,1,1,18,38,1040
112436,10,15,33,60,86,38,9,3,3,1,29,31,266
58824,2,11,21,35,60,67,35,20,10,1,17,29,188
49317,4,6,21,34,64,56,28,14,4,1,0,0,170
216769,4,9,22,67,120,67,31,21,7,3,8,13,369
789121,0,2,16,46,84,57,31,10,4,2,12,38,1034
301522,1,10,16,51,102,74,43,23,10,5,29,34,457
582130,0,2,1,12,48,54,28,12,3,0,38,0,736
65595,1,2,11,30,62,43,17,7,5,2,4,18,200
200697,2,8,25,65,100,60,28,10,2,1,18,21,355
506177,0,0,0,4,32,52,32,23,7,6,15,38,675
190550,3,7,18,88,75,23,10,4,1,1,20,0,350
312428,4,11,14,42,66,32,21,4,4,1,0,0,471
246420,3,7,12,26,68,41,40,14,5,7,5,0,393
599002,0,0,1,5,33,38,57,24,5,7,14,15,757
954714,1,2,6,35,72,21,2,0,0,0,38,0,1387
932155,3,5,25,46,40,7,0,2,0,0,12,34,1335
808623,2,4,8,24,56,65,29,11,5,7,15,57,1068
544176,0,3,3,19,60,48,33,11,3,3,0,0,700
282955,12,18,27,65,62,32,11,4,0,2,12,0,437
419474,0,0,5,21,70,67,41,9,6,3,7,14,576
294139,0,0,3,9,44,45,55,32,21,9,14,21,448
707096,3,3,10,20,69,58,16,4,1,0,1,31,899
390175,3,0,8,22,51,62,33,14,5,7,19,0,550
317783,1,4,19,52,41,14,3,0,1,1,1,15,475
376676,4,16,34,65,66,16,2,1,0,0,5,22,535
18720,0,2,1,14,34,37,32,16,3,2,15,0,88
256254,17,22,49,89,69,24,6,5,1,2,14,15,407
121077,0,11,34,75,118,42,15,8,2,1,20,21,278
911263,1,3,2,14,30,47,35,16,6,5,0,0,1275
882278,0,3,10,24,53,21,8,2,1,0,0,0,1211
173374,0,2,13,29,86,87,70,34,30,9,2,20,335
442999,0,5,14,46,78,53,13,5,2,0,12,40,606
601017,0,0,0,12,59,91,72,36,12,8,5,29,756
78836,5,18,25,58,79,38,14,9,6,1,0,0,219
327488,0,1,1,9,39,57,38,21,9,6,9,25,486
192808,1,3,9,18,53,73,60,25,17,15,1,18,351
222752,5,7,18,79,95,26,13,4,2,2,0,0,372
588339,0,4,14,43,63,29,11,4,2,1,34,50,744
6749,2,11,15,48,89,48,36,13,6,4,0,0,36
503306,3,5,20,38,65,26,12,4,1,0,40,0,664
112244,4,6,15,42,75,53,34,19,8,3,29,41,266
697398,0,0,1,3,28,52,40,16,15,11,15,19,889
93773,0,6,26,41,76,67,35,15,8,2,0,0,239
38164,3,4,29,50,69,40,14,7,1,2,4,28,138
273179,9,18,36,80,127,78,38,21,2,6,9,28,425
540989,0,0,5,28,43,26,7,4,2,1,7,23,692
772231,2,2,17,76,158,146,70,28,12,5,19,0,1005
932809,0,2,10,27,42,30,14,0,1,2,12,45,1335
639057,3,4,13,60,77,24,6,3,0,0,0,0,807
400766,14,20,34,102,70,23,2,7,0,0,0,0,560
450788,1,5,15,45,109,74,29,7,2,1,3,21,614
811579,0,1,0,7,32,46,19,13,6,1,0,0,1072
619660,2,0,5,19,42,57,30,15,6,6,28,29,781
74498,1,6,17,40,65,67,43,27,9,7,1,29,213
348762,2,5,3,24,59,82,94,62,49,24,14,46,511
691583,1,4,13,22,60,61,45,25,19,3,0,0,879
950400,0,2,1,6,45,51,23,6,2,0,27,38,1386
497762,0,1,2,8,52,82,31,12,5,2,15,0,667
743877,1,2,12,35,62,35,11,1,4,0,22,48,956
886103,3,5,6,30,43,28,12,2,2,1,19,22,1216
828505,2,6,4,25,100,65,36,10,4,4,25,45,1110
59090,1,3,6,25,60,39,29,13,3,2,21,22,186
710211,5,16,21,60,58,11,4,0,1,0,0,0,903
227851,1,3,4,19,60,73,73,56,20,9,17,0,376
60097,1,7,16,57,37,16,4,0,0,1,18,0,191
854796,3,3,11,22,72,63,26,9,7,0,18,38,1170
275222,1,4,11,58,169,132,37,18,5,3,9,24,430
118341,2,7,11,25,57,52,29,17,2,0,4,26,273
376442,2,5,14,39,69,54,23,7,3,0,5,24,535
820907,2,2,6,27,62,57,20,10,3,2,19,22,1092
139456,5,12,28,66,86,52,19,8,0,0,2,20,302
555347,0,1,5,13,37,80,54,37,8,1,17,29,712
18792,5,4,11,30,62,68,33,19,3,3,19,0,89
491268,0,3,7,31,74,42,18,2,1,0,12,42,658
186625,3,2,10,35,63,68,42,47,24,8,15,19,347
680147,2,2,2,11,38,59,33,27,11,2,15,19,863
670910,0,0,11,20,50,56,14,7,3,0,22,28,849
524690,1,1,2,26,56,43,17,5,1,2,15,19,679
152148,18,30,62,89,90,34,10,9,3,1,0,0,316
836649,9,9,15,43,63,34,20,13,1,2,22,0,1130
648176,0,0,0,14,40,67,25,8,2,3,17,21,813
733793,1,1,6,22,65,53,14,5,2,0,8,17,938
726445,0,1,4,15,42,58,12,6,2,1,2,10,915
119073,1,14,37,90,100,47,17,11,2,2,0,0,274
12962,0,1,6,10,34,40,37,32,21,14,12,25,70
124464,3,3,14,68,48,22,11,4,1,0,14,21,281
281598,2,3,12,37,72,67,28,12,2,3,7,27,437
934587,3,3,18,42,69,31,11,1,2,1,14,15,1341
891501,0,3,6,7,37,72,48,39,11,6,2,35,1226
577646,1,2,5,25,67,65,12,4,1,1,9,0,732
162662,0,0,3,26,56,55,39,20,10,4,19,21,324
257706,21,27,55,103,67,18,4,3,0,1,15,0,407
814153,5,6,14,31,72,53,16,8,5,2,1,29,1081
497736,3,0,9,39,95,81,30,8,2,1,14,0,668
386759,3,19,15,73,94,29,11,3,0,0,7,14,547
286593,8,10,38,66,78,21,3,3,0,2,39,0,443
717688,0,7,12,24,57,39,25,7,7,2,21,57,913
916063,0,0,8,6,43,46,46,20,7,9,15,38,1288
368012,0,1,3,4,38,67,78,56,42,27,40,0,528
710827,1,2,7,17,33,68,38,32,13,4,1,22,907
792476,0,3,5,31,50,32,10,1,1,2,4,12,1032
125089,5,12,28,88,100,35,9,7,1,1,1,15,282
364906,0,1,2,12,37,62,48,32,17,14,22,0,524
740512,0,0,3,19,39,53,20,10,5,3,7,14,952
906452,0,2,6,10,39,53,33,23,20,4,0,0,1261
165099,12,43,43,80,47,25,7,4,1,1,0,0,327
13915,7,7,12,26,24,8,3,0,0,1,20,23,73
5496,47,57,47,57,28,14,7,3,2,1,0,0,32
578556,0,4,4,31,100,97,31,14,4,2,9,19,733
29291,6,19,30,46,70,40,19,8,5,1,20,27,119
122902,8,10,41,78,84,41,12,5,3,2,0,0,280
451699,2,0,3,10,34,55,39,10,3,3,14,15,615
641630,1,0,15,33,43,38,16,6,7,3,12,51,810
661751,0,1,5,19,51,41,13,7,4,2,4,12,827
570318,0,2,2,11,47,69,50,21,12,1,14,15,725
9642,3,11,17,42,67,31,14,2,1,0,16,17,48
816584,0,0,6,11,26,50,36,17,13,7,19,0,1084
719005,0,2,4,17,55,45,21,6,3,0,18,29,914
732711,2,2,7,27,70,41,11,0,3,1,17,25,938
649069,2,3,9,23,88,52,10,4,1,1,17,19,821
202294,3,7,31,56,105,82,38,13,6,3,9,0,357
50143,1,9,20,40,68,38,30,9,2,3,18,22,171
556412,1,3,4,19,52,60,48,35,8,6,0,0,713
124235,6,4,9,36,49,39,10,6,2,1,18,22,281
683721,0,0,2,11,49,68,20,8,2,1,21,46,858
80822,2,12,30,74,96,54,19,8,3,3,13,24,223
828152,1,5,5,19,39,40,19,5,3,1,10,0,1108
8884,3,5,18,50,52,52,45,14,7,3,0,0,44
501561,0,0,2,13,43,73,70,42,25,10,1,18,671
383385,6,0,10,22,53,60,38,18,8,5,17,21,543
482268,1,0,5,45,69,39,9,8,1,1,15,17,648
205238,5,11,33,82,102,28,6,4,2,0,15,22,360
9250,26,26,43,51,55,29,18,5,6,3,0,0,44
67078,2,13,37,43,72,45,18,8,4,13,19,0,203
445746,2,2,7,19,71,81,34,18,15,2,0,0,609
525485,1,4,8,47,69,39,13,6,2,1,1,29,690
260436,11,30,49,102,73,22,4,4,1,1,1,18,409
891182,0,0,5,13,39,70,50,28,12,4,24,28,1226
172776,0,1,9,21,66,106,77,54,26,6,2,23,335
116758,2,6,33,81,96,46,17,12,4,1,15,0,272
775665,2,7,29,48,60,26,2,4,1,2,1,24,1009
568197,0,1,3,20,77,53,31,8,6,5,21,27,725
283379,2,4,12,21,82,66,39,11,5,2,3,17,440
528185,2,1,11,50,68,41,11,6,2,4,18,38,690
234630,3,5,16,22,78,61,28,9,4,1,12,16,380
904688,0,7,14,33,54,40,10,2,0,0,15,38,1258
703796,1,3,10,47,69,16,2,2,1,1,18,42,886
147846,0,4,11,49,88,40,29,4,1,0,6,40,310
778642,1,1,11,18,69,38,15,6,2,0,38,0,1014
734790,0,0,1,5,17,41,33,11,19,3,28,0,941
618214,0,0,2,12,41,52,44,25,14,5,15,22,781
937522,0,2,7,20,46,39,16,6,0,0,0,0,1349
757554,1,2,2,17,60,38,25,5,1,2,0,0,981
850996,0,0,1,11,46,63,27,5,1,2,15,50,1150
631859,1,2,4,9,42,48,18,8,2,1,19,0,797
925830,6,2,7,19,53,33,14,4,1,1,17,0,1314
460699,3,7,32,80,60,21,4,3,1,2,18,22,627
400795,2,1,0,7,33,53,40,22,17,11,14,15,551
355089,0,0,3,19,63,62,27,13,3,1,22,38,516
109540,0,0,3,12,45,54,35,28,11,3,28,35,262
4924,19,23,23,31,45,30,38,22,9,8,0,0,30
400236,0,0,9,19,68,57,19,7,5,0,0,0,551
756821,1,2,12,33,95,63,21,12,3,0,20,21,982
587871,0,0,1,13,35,64,19,12,2,0,0,0,742
86498,1,2,14,35,80,75,46,27,8,2,18,23,231
498786,2,1,7,21,85,78,46,29,5,1,14,0,668
387862,10,11,39,60,83,27,11,4,0,1,2,14,547
455981,0,0,8,39,104,59,13,5,3,0,15,19,620
312762,6,19,38,63,46,28,13,4,2,2,12,19,470
890306,0,0,1,2,18,38,42,23,6,4,57,0,1221
698668,0,4,2,8,32,51,27,12,10,7,13,21,889
179031,26,29,66,95,56,20,8,3,1,5,21,0,341
829753,2,3,14,29,61,65,27,16,4,0,1,51,1114
659273,1,0,1,13,32,71,59,27,22,5,1,20,833
913495,2,15,22,58,53,23,15,6,0,2,9,25,1282
714883,0,0,1,7,38,64,32,16,3,0,0,0,901
32893,1,6,12,38,57,18,4,1,0,0,14,0,125
652019,2,7,25,63,100,35,26,5,2,1,18,40,822
816093,3,11,17,29,56,25,10,3,2,0,61,0,1084
827013,1,2,3,10,41,49,38,27,18,14,0,0,1107
335510,0,0,2,14,43,110,69,34,11,6,17,47,496
703983,2,4,14,35,71,58,24,11,1,1,5,31,896
33294,1,11,18,34,57,50,19,6,4,1,15,22,129
543873,5,17,36,64,44,7,5,5,2,0,0,0,700
231360,0,1,2,12,28,41,41,34,23,25,12,17,378
467833,1,7,24,59,68,23,9,3,2,1,18,21,634
467382,0,5,17,50,61,22,4,1,0,1,40,0,632
13002,3,5,18,36,65,32,24,6,4,7,16,0,70
310062,0,0,2,2,21,45,44,33,24,22,0,0,469
924396,1,1,2,19,51,52,25,7,5,0,2,21,1312
241908,5,5,12,36,77,69,43,9,8,3,12,13,390
921844,7,6,20,26,41,30,23,8,8,6,0,0,1303
461305,0,0,0,4,27,55,45,18,7,3,14,35,615
156137,4,12,40,72,108,39,31,6,5,1,16,0,318
903013,1,0,1,10,21,33,37,12,4,3,18,21,1253
433326,2,6,16,55,53,10,2,0,1,1,0,0,581
426144,4,5,31,55,120,47,17,8,2,0,17,50,586
259119,1,1,6,31,74,57,24,14,8,2,5,18,408
167353,0,0,4,16,77,83,38,13,1,2,9,0,329
946948,0,4,7,22,55,44,17,4,4,0,21,53,1378
939641,3,11,16,38,62,41,17,11,2,1,0,0,1354
757363,0,0,7,27,56,43,10,5,2,0,17,0,981
588282,1,4,20,52,53,24,8,3,0,1,0,0,744
10335,4,5,17,26,19,10,9,1,5,0,17,21,51
276284,2,7,20,38,78,65,42,17,6,3,18,40,429
156857,30,45,57,51,48,18,6,2,2,0,1,22,320
96546,18,30,37,91,80,36,11,7,2,2,7,14,244
539922,0,0,3,7,25,40,28,10,1,3,12,17,692
544901,1,2,11,53,110,56,9,6,1,1,24,47,702
909480,9,8,17,28,63,42,19,6,3,4,4,34,1268
853931,0,1,3,11,36,55,36,14,4,5,16,50,1168
365476,2,1,11,31,64,51,32,16,2,0,14,20,526
515284,0,2,3,21,56,56,10,4,0,1,25,39,679
186797,2,5,6,34,81,78,47,26,9,9,10,39,347
926969,14,16,23,42,43,35,12,6,3,1,50,51,1319
779934,0,0,12,28,58,46,27,9,3,1,15,22,1016
486655,0,1,6,37,87,55,24,10,6,1,17,50,652
846849,1,4,11,25,71,45,15,5,1,0,21,0,1155
761326,0,0,3,12,44,60,29,11,4,0,0,0,976
28733,2,4,10,33,44,32,13,6,0,0,0,0,116
314853,1,1,6,16,59,57,29,11,4,6,12,14,476
620301,1,8,11,68,70,37,24,6,4,1,0,0,784
862233,10,18,25,49,85,24,16,4,1,0,0,0,1186
372146,6,10,29,78,63,14,5,2,0,0,15,0,530
13544,1,6,12,41,60,44,31,12,6,4,11,21,74
13615,1,6,9,27,67,48,32,6,3,2,10,21,74
640965,1,4,6,11,39,74,48,31,8,3,17,50,811
667570,4,9,22,45,46,15,3,2,2,0,14,0,848
771941,14,24,62,138,173,56,11,7,3,0,0,0,1005
841951,0,1,2,21,68,57,24,11,8,2,21,57,1144
446634,4,2,22,63,61,22,7,5,2,3,0,0,610
416891,0,6,18,41,77,73,42,7,1,1,19,36,573
38020,2,5,10,25,47,46,32,14,15,6,1,38,138
144042,2,12,32,56,76,39,16,13,4,4,4,12,306
908729,1,0,2,16,37,36,17,7,0,0,5,15,1266
884661,0,1,2,11,31,36,24,15,1,3,0,0,1214
849068,0,0,6,9,30,62,39,25,3,5,18,40,1158
897093,0,1,4,18,42,38,11,5,0,0,18,45,1237
874865,5,11,24,52,74,47,6,2,2,1,50,0,1202
403740,4,19,39,57,95,55,17,10,4,1,12,31,563
773198,1,10,18,47,77,34,12,7,2,1,1,48,1008
135150,0,9,26,102,118,55,17,3,0,1,38,0,296
552961,4,9,21,50,65,29,11,6,1,1,21,0,709
426398,0,0,11,29,62,33,17,10,4,1,12,21,583
369781,2,7,16,39,83,73,35,19,10,12,17,0,528
236019,1,3,6,34,62,58,28,17,11,4,38,0,382
721613,10,8,13,33,29,17,8,6,0,2,0,0,918
512636,0,0,3,32,73,70,26,10,3,0,38,0,683
420812,0,3,2,12,41,68,40,12,7,7,16,17,565
878881,2,2,4,18,58,54,17,8,1,0,0,0,1210
761046,1,7,13,45,53,22,6,1,1,2,14,25,976
901310,6,11,29,40,37,16,3,0,1,0,15,19,1249
828500,1,5,6,14,47,73,44,29,10,16,28,35,1109
858691,3,3,13,27,47,62,34,19,9,0,0,0,1178
825946,0,1,6,24,65,50,10,6,0,2,34,38,1104
409835,0,3,4,22,59,76,59,17,5,2,5,40,567
639705,0,0,4,17,41,61,40,26,11,4,2,63,809
427308,1,1,6,20,47,80,42,21,8,5,0,0,584
65926,0,3,10,23,64,41,20,17,4,3,15,19,200
939318,12,7,9,19,27,24,24,9,4,6,0,0,1352
769726,0,3,9,19,71,40,15,12,0,1,18,0,1002
69609,2,10,29,58,79,50,23,12,3,3,4,21,207
806930,4,5,16,39,79,34,16,8,4,2,2,45,1065
42417,0,2,5,23,62,33,17,12,3,2,34,40,147
941636,0,0,2,13,22,45,48,16,11,11,0,0,1363
476065,0,8,16,52,70,49,17,5,2,0,9,0,640
938088,2,3,8,36,37,33,13,1,0,1,5,18,1349
61603,0,1,8,21,53,45,21,10,2,1,1,22,192
273738,6,13,31,70,91,43,9,4,2,2,1,14,429
491405,2,2,5,38,69,49,15,11,3,1,8,19,657
363865,3,3,16,43,68,41,12,10,1,0,2,15,526
174380,4,11,29,68,65,27,6,3,3,1,0,0,336
223266,1,10,27,48,81,61,30,12,6,6,18,21,373
949092,0,1,1,7,24,59,13,14,4,1,2,7,1382
753228,0,0,2,19,81,24,20,5,1,1,14,0,972
859021,3,3,3,13,47,70,36,14,6,6,0,0,1177
538131,0,1,3,11,43,48,18,5,2,0,3,31,696
760842,2,2,19,54,60,13,4,0,0,1,19,53,976
85176,3,5,21,51,65,38,14,7,2,1,16,17,220
830568,0,2,3,12,42,47,37,22,4,4,19,31,1104
601856,0,2,6,38,43,11,2,2,0,0,15,28,751
106258,2,8,17,43,86,48,17,5,2,0,5,24,258
265860,5,2,21,30,66,52,32,11,1,3,5,6,416
645568,0,0,10,30,63,39,32,5,3,2,0,0,814
782065,1,2,13,41,80,49,14,8,1,0,10,39,1020
935712,0,1,11,38,50,20,3,0,0,1,14,15,1342
56559,0,4,9,28,49,43,31,17,4,3,22,38,180
132296,0,1,2,17,81,57,27,13,4,1,4,12,295
432052,0,2,3,17,54,50,26,16,6,4,14,27,592
426650,3,5,13,51,122,58,17,9,5,1,2,0,586
728688,0,1,5,39,68,51,18,10,2,1,20,0,928
438032,0,0,4,27,91,64,38,19,7,3,17,19,599
921132,1,3,8,36,45,31,6,1,0,1,11,18,1300
43410,1,11,25,36,70,49,22,12,3,5,14,33,150
21835,5,14,27,35,47,44,17,14,4,0,1,36,99
314556,1,1,2,10,37,72,36,19,6,3,10,20,476
840264,0,0,7,20,47,41,15,1,2,0,0,0,1140
555089,0,0,2,9,35,66,55,34,19,5,12,17,712
765167,0,2,7,9,63,72,47,14,8,4,0,0,994
714682,0,2,5,20,65,77,28,18,8,2,15,21,909
590723,1,1,4,29,48,62,29,3,5,2,0,0,745
846440,0,2,7,18,75,67,28,11,6,1,15,38,1153
793227,3,10,29,48,68,14,3,0,1,0,18,38,1040
339381,0,2,6,26,63,82,55,22,5,6,1,22,502
871503,1,3,21,41,82,57,18,4,2,0,0,0,1199
417077,0,0,1,14,61,80,46,21,12,9,14,0,575
1487,11,23,44,35,33,25,12,10,4,1,0,0,14
135095,0,7,18,39,77,84,63,24,14,6,11,17,298
891588,15,21,30,46,46,25,12,6,3,2,0,0,1226
372631,2,4,5,34,76,47,37,12,6,0,1,40,531
489506,0,2,5,10,45,53,31,20,6,3,0,0,656
14970,0,6,23,45,57,40,16,5,3,0,0,0,80
99891,3,7,16,34,90,70,36,26,3,7,7,14,249
126459,8,15,34,67,105,39,12,8,2,2,31,40,285
838049,2,2,4,12,32,59,41,25,15,14,14,15,1135
604568,0,0,2,32,86,52,10,5,1,0,23,25,761
441861,2,2,4,23,50,51,52,14,13,3,14,15,606
38626,0,0,5,18,35,43,26,28,1,2,1,22,140
163252,0,3,8,26,60,64,61,33,13,8,1,0,325
51127,11,28,35,61,29,18,9,4,1,1,0,0,172
420709,2,2,8,27,64,65,26,7,1,4,3,17,565
393620,3,11,37,69,110,40,20,6,1,1,41,0,553
816892,1,3,11,24,66,32,12,5,4,2,14,15,1084
502359,5,12,32,97,89,23,5,1,2,0,21,40,671
64817,30,38,56,53,70,18,5,6,2,1,1,0,199
20802,3,10,18,49,81,51,15,9,4,3,12,18,95
674956,0,2,6,30,58,28,7,3,0,1,7,15,843
110521,2,10,28,68,86,54,11,5,2,0,8,0,263
323100,9,21,25,49,41,33,9,4,1,1,12,29,482
952620,0,2,0,9,29,47,29,13,7,3,22,38,1393
934092,0,4,14,27,56,28,6,1,0,0,1,40,1338
502351,2,14,30,84,92,21,7,0,0,1,0,0,671
878047,9,14,24,43,46,14,1,3,0,1,0,0,1206
53965,4,7,12,35,61,60,26,10,7,5,0,0,175
44726,2,5,10,41,51,62,33,17,4,3,18,0,155
477419,1,0,2,10,62,67,38,4,2,1,2,21,631
935207,1,1,3,21,44,37,10,5,1,0,0,0,1342
646476,1,8,15,47,61,48,30,13,3,2,24,40,815
48827,0,1,12,17,39,27,8,5,5,1,4,0,164
269110,27,31,47,79,50,16,7,4,0,1,0,0,423
460474,0,4,14,95,195,91,39,4,4,1,17,0,625
402485,0,1,12,39,87,41,7,4,0,0,9,24,551
869064,0,1,7,19,67,60,27,15,6,1,14,50,1198
276105,2,8,22,52,105,111,50,22,5,2,2,20,428
882477,1,3,4,8,34,64,32,17,5,2,15,38,1213
121814,3,8,23,73,109,59,19,6,1,3,21,0,278
221243,11,14,42,82,131,118,55,22,10,7,5,21,370
154692,0,3,4,42,98,45,22,3,1,1,7,14,317
900735,3,2,11,42,66,48,12,6,1,0,1,31,1247
431203,0,1,3,27,65,67,15,7,2,2,18,0,590
906878,0,2,4,21,41,35,7,0,1,0,0,0,1250
129331,2,0,3,15,27,51,55,28,16,6,26,29,288
403568,0,2,2,14,45,57,28,12,6,3,0,0,564
786075,5,15,30,62,65,17,4,2,1,0,14,49,1027
70945,1,3,11,44,70,37,21,10,4,0,4,15,208
717736,2,11,11,40,67,36,5,2,0,0,17,21,913
174081,1,1,3,23,56,64,31,26,9,4,0,0,336
918125,1,2,6,13,39,44,35,15,7,5,22,0,1296
923034,0,2,9,36,74,42,19,6,0,3,34,0,1305
239139,2,5,8,15,64,65,43,20,16,7,4,12,387
390747,1,5,13,33,83,54,21,2,6,0,1,40,549
950133,0,1,1,4,35,56,24,12,4,1,0,0,1386
36972,2,7,7,24,49,44,33,24,6,6,0,0,136
814758,0,2,8,13,44,58,30,16,4,5,18,40,1080
855555,1,3,0,12,58,47,19,3,2,0,14,0,1164
357223,0,4,13,43,81,36,13,6,1,1,9,14,519
298585,9,8,33,70,67,51,30,6,4,1,17,0,453
776238,0,1,1,13,56,65,42,10,13,7,27,28,1010
565863,0,2,6,21,60,42,13,2,3,0,0,0,721
315173,1,3,5,37,76,35,14,6,4,1,0,0,472
175065,11,14,38,76,86,40,10,3,0,1,10,20,338
523159,3,7,13,25,54,64,23,18,4,4,5,17,688
125797,0,0,9,27,62,57,28,14,5,1,20,23,284
74496,4,3,24,62,89,58,20,11,4,2,18,29,213
918936,0,1,3,4,16,40,27,16,6,3,15,19,1297
386450,0,0,4,20,63,83,54,16,6,5,11,14,536
282685,1,8,19,49,103,65,28,10,3,1,14,15,436
118236,0,1,29,59,83,66,47,22,9,8,1,22,274
178271,1,4,11,19,50,65,48,20,17,6,0,0,340
68242,1,10,22,41,80,51,13,10,2,5,27,0,205
422754,3,13,25,53,51,11,2,2,0,1,15,48,578
426803,0,1,8,26,85,99,48,15,4,3,0,0,586
66514,4,18,37,71,71,38,22,4,4,7,18,21,203
703765,0,2,11,28,64,44,14,2,1,0,14,15,886
752104,0,1,2,5,26,77,62,44,19,7,0,0,975
815484,0,2,4,5,18,58,27,6,1,1,19,22,1075
133333,7,12,30,59,73,47,30,9,3,1,1,0,294
15549,3,2,11,21,39,43,40,24,13,8,7,14,80
718679,1,1,4,15,49,49,17,7,4,3,21,0,914
778506,0,1,3,9,29,40,44,26,15,3,18,38,1014
111586,0,1,5,21,40,65,40,25,7,8,3,0,265
190676,2,4,12,26,83,79,38,23,7,4,9,22,351
943783,1,0,1,6,35,60,25,16,6,3,0,0,1368
225660,1,7,17,61,73,47,18,15,6,4,15,28,374
481384,2,1,4,23,56,35,5,4,3,0,14,0,646
271384,0,5,10,19,63,67,39,31,20,7,8,22,423
362237,5,5,8,47,72,67,30,12,8,3,14,22,522
229842,1,0,6,6,26,70,82,85,23,17,17,0,376
558825,0,0,1,10,31,54,27,10,2,0,1,2,714
544041,0,1,8,24,51,37,13,4,3,1,15,38,701
409562,1,3,8,23,70,93,51,20,10,6,5,18,568
748792,2,11,25,48,70,19,5,3,0,0,0,0,968
783933,0,1,4,6,35,60,28,14,7,6,17,0,1022
747450,1,5,13,49,55,23,5,1,0,0,4,50,963
38096,13,22,38,69,46,20,10,2,2,0,0,0,138
263604,0,5,9,53,115,60,29,8,2,1,15,22,401
204904,0,1,5,20,72,60,43,19,5,7,15,19,359
401136,0,3,10,33,63,37,8,5,3,0,1,0,559
375881,0,0,2,5,24,52,51,36,11,7,15,24,533
6818,6,9,16,43,72,61,29,19,6,6,0,0,36
905309,0,1,6,14,44,50,25,16,6,3,40,0,1258
516870,0,2,10,61,97,43,12,5,0,0,38,0,683
260590,8,21,31,68,71,15,6,3,0,1,4,8,410
24276,0,1,3,19,38,23,12,7,2,2,0,0,104
802615,1,4,17,36,52,18,8,1,1,1,0,0,1057
40672,1,4,24,58,62,44,23,8,3,1,14,0,145
53653,2,1,6,8,30,39,34,27,10,9,24,25,169
695393,6,8,19,44,58,21,7,5,3,0,28,0,888
627531,0,1,5,9,48,61,42,6,4,1,19,21,783
433535,0,1,1,3,44,63,24,18,6,1,12,20,581
646430,0,2,4,16,27,67,69,30,24,4,31,40,815
135045,0,1,4,8,22,65,38,31,12,5,20,21,299
312938,9,14,38,57,39,17,4,3,0,0,1,0,471
124319,0,1,2,10,42,55,34,19,4,7,21,27,281
388026,0,2,0,10,37,99,50,42,12,10,2,35,536
302371,6,22,40,76,97,30,8,5,2,2,0,0,459
553354,0,0,4,2,26,49,32,9,2,0,7,38,707
926808,0,2,2,7,22,37,34,10,5,2,0,0,1320
577607,0,0,2,19,45,62,24,9,4,3,19,0,731
776073,0,1,5,8,57,35,18,4,0,0,38,0,1003
944857,5,9,18,35,78,34,7,3,1,0,0,0,1370
134404,0,3,6,15,49,59,43,35,10,10,15,22,297
729137,12,6,17,42,63,31,15,10,2,4,0,0,929
823430,14,29,48,73,138,102,23,12,3,11,16,26,1100
782858,0,1,3,10,19,25,29,31,17,25,22,65,1022
91069,4,19,50,78,87,47,13,4,1,1,0,0,235
334560,1,2,10,19,59,76,35,14,9,1,18,40,495
424389,0,7,14,20,58,52,28,10,2,6,14,0,580
174431,0,1,9,28,73,52,25,9,2,1,15,19,339
447633,6,13,21,76,79,46,26,13,9,4,5,17,614
744855,2,8,17,37,74,49,8,7,1,0,29,31,961
899166,2,0,3,18,50,49,9,2,1,1,0,0,1243
349240,1,1,7,16,57,67,59,40,17,9,0,0,512
912799,1,6,9,27,56,16,3,3,0,0,0,0,1276
491423,1,3,10,31,79,45,8,3,1,1,0,0,657
623867,1,8,8,30,64,48,24,11,5,1,18,0,787
801337,2,8,14,33,36,16,4,1,1,0,1,58,1045
39337,3,8,15,46,65,42,30,10,6,2,0,0,141
255226,4,13,22,56,75,41,19,17,5,6,0,0,404
661660,0,1,5,35,51,54,23,11,1,4,0,0,836
868521,3,3,10,31,55,59,28,14,7,3,0,0,1199
802614,0,1,1,3,20,44,25,12,6,3,12,20,1056
236187,0,4,14,35,60,65,45,16,2,4,18,40,384
248830,6,6,15,36,70,45,35,25,4,6,0,0,396
892786,0,2,3,19,36,46,23,15,0,3,15,57,1229
43393,10,14,28,43,49,22,9,6,2,0,0,0,150
152436,1,2,6,38,83,73,33,13,5,2,14,15,315
34287,0,4,11,32,57,54,23,13,6,1,15,19,129
541105,0,0,1,6,18,41,34,13,7,1,0,0,692
659389,1,5,4,30,81,62,31,7,3,2,0,0,833
49160,1,9,23,53,65,36,30,5,7,5,8,21,170
292224,0,3,13,30,95,96,63,23,14,10,8,9,447
931196,1,4,4,20,32,46,30,8,2,3,51,0,1332
944892,2,5,17,19,62,58,14,5,5,1,1,22,1370
456432,1,0,1,28,88,91,30,11,2,3,15,19,620
212749,3,6,27,47,104,58,26,13,2,2,2,28,364
662442,6,9,16,41,41,24,5,4,1,2,14,27,827
861336,16,18,36,76,80,22,6,2,0,0,14,0,1182
940436,3,6,2,10,30,59,60,34,15,7,18,28,1359
188433,3,9,11,26,67,99,54,34,12,6,17,26,349
947167,0,2,4,12,39,48,37,11,1,4,21,47,1377
821101,1,0,5,16,52,54,38,22,3,4,0,0,1092
72597,2,5,7,37,78,67,53,17,8,5,0,0,211
12296,0,0,7,17,22,33,14,8,3,0,20,23,65
61225,0,3,3,28,55,41,20,8,1,3,22,0,192
577775,0,0,3,9,27,55,25,26,12,8,1,21,731
75240,2,1,17,47,65,29,12,1,1,0,0,0,214
934936,2,0,1,9,23,44,25,12,3,2,15,0,1342
479946,1,6,13,38,80,74,19,16,5,1,18,41,643
64449,1,2,14,29,65,43,22,7,2,1,15,28,195
155450,0,10,18,44,91,35,6,4,0,2,10,14,317
115244,0,5,19,55,53,40,16,3,1,3,1,22,269
551166,0,0,2,24,50,24,7,5,1,0,47,49,706
